first, last
Henry,Cook
Scott,Greene
Theresa,Bush
Lillie,Long
Warren,Zimmerman
Don,Clayton
Bernard,Greer
Sophia,Frazier
Hannah,Rodgers
Lloyd,Porter
Nannie,Dennis
Martin,Jefferson
Juan,Doyle
Christopher,Logan
Georgie,Meyer
Gregory,Stewart
Jeffery,West
Bobby,Colon
Maurice,Williamson
Jim,Huff
Addie,Walton
Floyd,Washington
Rose,Brewer
Glen,Padilla
Bertha,Taylor
Loretta,Cook
Hester,Fisher
Callie,Fields
Lawrence,Cross
Minnie,Norris
Augusta,Logan
Lina,Clayton
Manuel,Keller
Jesse,Glover
Isabel,Hubbard
Linnie,Moore
Marian,Phillips
Madge,McKinney
Louis,Mann
Seth,Park
Jorge,Morrison
Harriett,Watson
Mollie,Haynes
Jimmy,Rodriguez
Gabriel,Saunders
Jimmy,Wagner
Harry,Weaver
Pearl,Hale
Lela,Parker
Eunice,Bush
Winnie,Rodgers
Lawrence,Moreno
Calvin,Newton
Howard,Schmidt
Juan,Andrews
Dean,Gardner
Dominic,Moran
Leonard,Lindsey
Caleb,Nash
Edward,Fisher
Eugene,Gill
Tommy,Butler
Ricky,Payne
Pauline,Black
Roy,Bell
Mae,Burns
Andrew,Perkins
Caleb,Gordon
Isabella,Turner
Hallie,Woods
Elizabeth,Maldonado
Nell,Jenkins
Jimmy,Watson
Georgie,Conner
Craig,Ward
Dora,Wilson
Hulda,Ramos
Ernest,Washington
Stella,Jacobs
Sally,Pena
Katie,Schultz
Logan,Schneider
Francis,Hanson
Dale,James
Patrick,Bryan
Tommy,Francis
Craig,Stewart
Gussie,Lindsey
Don,Townsend
Helena,Patrick
Christian,Cox
Marcus,Jefferson
Vera,McLaughlin
Aaron,Perez
Tyler,Alvarez
Micheal,Roberts
Dale,Rodriguez
Sallie,Vasquez
Hettie,McGee
Brett,Garner
